{
    "ActionSound": "",
    "AutoUnlock": true,
    "Cards": [
        "{\n    \"UnitsInDeck\": 3,\n    \"Card\": \"intercept\"\n}",
        "{\n    \"UnitsInDeck\": 3,\n    \"Card\": \"shieldbash\"\n}",
        "{\n    \"UnitsInDeck\": 2,\n    \"Card\": \"leapslam\"\n}",
        "{\n    \"UnitsInDeck\": 2,\n    \"Card\": \"maul\"\n}",
        "{\n    \"UnitsInDeck\": 2,\n    \"Card\": \"spikedshield\"\n}",
        "{\n    \"UnitsInDeck\": 2,\n    \"Card\": \"spikedball\"\n}",
        "{\n    \"UnitsInDeck\": 1,\n    \"Card\": \"ursurfreezingfortitudestart\"\n}"
    ],
    "ChallengePack0": "defender",
    "ChallengePack1": "avenger",
    "ChallengePack2": "warlord",
    "ChallengePack3": "gladiator",
    "ChallengePack4": "guardian",
    "ChallengePack5": "marauder",
    "ChallengePack6": "destroyer",
    "CharacterDescription": "Amid Faeborg's frosted islands and thick woods, Ursur, the Tyrant, ruled with an iron grip. His beaver vassals toiled under his shadow, his growl echoing through the valleys. As seasons passed, an unsettling quiet crept into the realm. The ancient pines whispered of change, and the rivers murmured secrets beyond Ursur's understanding.\n Atop his great lodge, Ursur sensed a vital absence in his domain. Donning his battle-worn armor, he prepared to face this challenge alone. At dawn, ignoring his subjects' wary gazes, the ursine overlord lumbered to the shore. With a final warning growl, Ursur plunged into unknown waters, leaving Faeborg behind to search for what was lost – and unknowingly, his own redemption.",
    "CharacterDescriptionStrength": "Enraged Warrior that uses a mixture of Attacks and Defenses to become increasingly powerful.",
    "CharacterName": "Ursur",
    "Energy": 2,
    "EnergyTurn": 3,
    "Female": false,
    "FluffOffsetX": 0.0,
    "FluffOffsetY": 3.4000000953674318,
    "HeroClass": "Warrior",
    "HeroClassSecondary": "None",
    "HitSound": "Beast Hit 4",
    "HP": 96,
    "ID": "tyrant",
    "Item": "weetyrant",
    "MaxHP": [
        0,
        10,
        10,
        10,
        10
    ],
    "OrderInList": 5,
    "ResistSlashing": 15,
    "ResistBlunt": 10,
    "ResistPiercing": 15,
    "ResistFire": 5,
    "ResistCold": 15,
    "ResistLightning": 0,
    "ResistHoly": 0,
    "ResistShadow": 5,
    "ResistMind": 0,
    "Speed": 14,
    "SpriteBorderLocked": "UrsurLocked",
    "StickerBase": "",
    "StickerAngry": "",
    "StickerIndifferent": "",
    "StickerLove": "",
    "StickerSurprise": "",
    "StickerOffsetX": 0.10000000149011612,
    "SubclassName": "Tyrant",
    "Trait0": "ursurursineblood",
    "Trait1A": "ursurresilience",
    "Trait1B": "ursurbellowingblows",
    "Trait2A": "ursurbristlyhide",
    "Trait2B": "ursurbearwithit",
    "Trait3A": "ursurgrizzledclaws",
    "Trait3B": "ursurbestdefense",
    "Trait4A": "ursurunbearable",
    "Trait4B": "ursurbearlynoticeable",
    "SourceCharacterName":"Ursur",
    "CardsSingularity": ["ursurfreezingfortitudestart", "spikedball","intercept","shieldbash","leapslam","maul","spikedshield","bluff","wreckingball","barricade","guard","defend","punch","heavystrike","thousandneedles"]
}