{
    "Name": "Binbin Balances - Thorns",
    "Author": "Binbin",
    "Description": "QoL improvements for Thorns cards.",
    "Version": "1.0",
    "Date": 20240928,
    "Link": "https://thunderstore.io/c/across-the-obelisk/p/Binbin/Ursur_The_Tyrant/",
    "Dependencies": [
		"stiffmeds-Obeliskial_Content-1.1.0"
    ],
    "ContentFolder": "Binbin Balances - Thorns",
    "Priority": 100,
    "Type": [
        "card"
    ],
    "Comment": "Any additional comments.",
    "Enabled": true
}