{
    "ACG1MultiplyByEnergyUsed": false,
    "ACG2MultiplyByEnergyUsed": false,
    "ACG3MultiplyByEnergyUsed": false,
    "Activation": "BeginTurn",
    "ActivationOnlyOnHeroes": false,
    "AuraCurseBonus1": "",
    "AuraCurseBonus2": "",
    "AuraCurseBonusValue1": 0,
    "AuraCurseBonusValue2": 0,
    "AuraCurseCustomAC": "",
    "AuraCurseCustomModValue1": 0,
    "AuraCurseCustomModValue2": 0,
    "AuraCurseCustomString": "",
    "AuraCurseGain1": "",
    "AuraCurseGain2": "",
    "AuraCurseGain3": "",
    "AuraCurseGainValue1": 0,
    "AuraCurseGainValue2": 0,
    "AuraCurseGainValue3": 0,
    "AuraCurseGainSelf1": "",
    "AuraCurseGainSelf2": "",
    "AuraCurseGainSelfValue1": 0,
    "AuraCurseGainSelfValue2": 0,
    "AuraCurseImmune1": "",
    "AuraCurseImmune2": "",
    "AuraCurseNumForOneEvent": 0,
    "AuraCurseSetted": "",
    "CardNum": 1,
    "CardPlace": "Cast",
    "CardsReduced": 0,
    "CardToGain": "overbearingroaritem",
    "CardToGainList": [],
    "CardToGainType": "None",
    "CardToReduceType": "None",
    "CastedCardType": "None",
    "CastEnchantmentOnFinishSelfCast": false,
    "ChanceToDispel": 0,
    "ChanceToDispelNum": 0,
    "CharacterStatModified": "None",
    "CharacterStatModified2": "None",
    "CharacterStatModified3": "None",
    "CharacterStatModifiedValue": 0,
    "CharacterStatModifiedValue2": 0,
    "CharacterStatModifiedValue3": 0,
    "CostReducePermanent": false,
    "CostReduceReduction": 0,
    "CostReduceEnergyRequirement": 0,
    "CostReduction": 0,
    "CostZero": false,
    "CursedItem": false,
    "DamageFlatBonus": "None",
    "DamageFlatBonus2": "None",
    "DamageFlatBonus3": "None",
    "DamageFlatBonusValue": 0,
    "DamageFlatBonusValue2": 0,
    "DamageFlatBonusValue3": 0,
    "DamagePercentBonus": "None",
    "DamagePercentBonus2": "None",
    "DamagePercentBonus3": "None",
    "DamagePercentBonusValue": 0.0,
    "DamagePercentBonusValue2": 0.0,
    "DamagePercentBonusValue3": 0.0,
    "DamageToTarget": 0,
    "DamageToTargetType": "None",
    "DestroyAfterUse": false,
    "DestroyAfterUses": 0,
    "DestroyEndOfTurn": false,
    "DestroyStartOfTurn": false,
    "DrawCards": 0,
    "DrawMultiplyByEnergyUsed": false,
    "DropOnly": true,
    "DTTMultiplyByEnergyUsed": false,
    "DuplicateActive": false,
    "EffectCaster": "",
    "EffectItemOwner": "",
    "EffectTarget": "",
    "EffectCasterDelay": 0.0,
    "EffectTargetDelay": 0.0,
    "EmptyHand": false,
    "EnergyQuantity": 0,
    "ExactRound": 0,
    "HealFlatBonus": 0,
    "HealPercentBonus": 0.0,
    "HealPercentQuantity": 0,
    "HealPercentQuantitySelf": 0,
    "HealQuantity": 0,
    "HealReceivedFlatBonus": 0,
    "HealReceivedPercentBonus": 0.0,
    "ID": "weetyrant",
    "IsEnchantment": false,
    "ItemSound": "",
    "ItemTarget": "Self",
    "LowerOrEqualPercentHP": 100.0,
    "MaxHealth": 0,
    "ModifiedDamageType": "None",
    "NotShowCharacterBonus": false,
    "OnlyAddItemToNPCs": false,
    "PassSingleAndCharacterRolls": false,
    "PercentDiscountShop": 0,
    "PercentRetentionEndGame": 0,
    "Permanent": false,
    "QuestItem": false,
    "ReduceHighestCost": false,
    "ResistModified1": "Cold",
    "ResistModified2": "Slashing",
    "ResistModified3": "None",
    "ResistModifiedValue1": 3,
    "ResistModifiedValue2": 3,
    "ResistModifiedValue3": 0,
    "RoundCycle": 2,
    "SpriteBossDrop": "",
    "TimesPerCombat": 0,
    "TimesPerTurn": 0,
    "UsedEnergy": false,
    "UseTheNextInsteadWhenYouPlay": false,
    "Vanish": true
}